{"stats":{"minecraft:used":{"minecraft:stone_bricks":10,"minecraft:item_frame":4,"minecraft:oak_door":1,"minecraft:packed_ice":15,"minecraft:black_concrete":12,"minecraft:soul_sand":13,"minecraft:dirt":22,"minecraft:magma_block":12,"minecraft:skeleton_spawn_egg":3,"minecraft:wither_skeleton_skull":2,"minecraft:red_concrete":2,"minecraft:witch_spawn_egg":11,"minecraft:armor_stand":1,"minecraft:mycelium":1,"minecraft:oak_sign":1,"minecraft:black_carpet":1,"minecraft:smooth_stone_slab":12,"minecraft:stone_slab":5,"minecraft:stone":10,"minecraft:white_concrete":8,"minecraft:gray_concrete":2,"minecraft:zombie_spawn_egg":7},"minecraft:custom":{"minecraft:open_chest":2,"minecraft:time_since_rest":99326,"minecraft:crouch_one_cm":5697,"minecraft:play_one_minute":99326,"minecraft:sprint_one_cm":78084,"minecraft:damage_taken":180,"minecraft:walk_one_cm":33899,"minecraft:sneak_time":2987,"minecraft:aviate_one_cm":62303,"minecraft:jump":1023,"minecraft:leave_game":6,"minecraft:walk_on_water_one_cm":210,"minecraft:time_since_death":99326,"minecraft:fly_one_cm":1140488,"minecraft:inspect_dispenser":1}},"DataVersion":1976}