{"stats":{"minecraft:used":{"minecraft:cobblestone_wall":5,"minecraft:cracked_stone_bricks":3,"minecraft:cobblestone_stairs":7,"minecraft:cobblestone":7,"minecraft:cobblestone_slab":9},"minecraft:custom":{"minecraft:jump":427,"minecraft:open_chest":3,"minecraft:time_since_rest":84786,"minecraft:crouch_one_cm":1989,"minecraft:play_one_minute":84786,"minecraft:leave_game":1,"minecraft:sprint_one_cm":134835,"minecraft:walk_on_water_one_cm":78,"minecraft:time_since_death":84786,"minecraft:walk_one_cm":116840,"minecraft:sneak_time":2034,"minecraft:climb_one_cm":1008,"minecraft:walk_under_water_one_cm":222,"minecraft:fly_one_cm":439931},"minecraft:picked_up":{"minecraft:tipped_arrow":6}},"DataVersion":1976}