{"stats":{"minecraft:custom":{"minecraft:inspect_hopper":7,"minecraft:fill_cauldron":31,"minecraft:play_one_minute":2687743,"minecraft:leave_game":38,"minecraft:time_since_death":2687743,"minecraft:climb_one_cm":4302,"minecraft:time_since_rest":2687743,"minecraft:sprint_one_cm":648044,"minecraft:walk_one_cm":2703925,"minecraft:drop":3,"minecraft:fly_one_cm":20740676,"minecraft:open_chest":10,"minecraft:crouch_one_cm":186915,"minecraft:sneak_time":208157,"minecraft:walk_under_water_one_cm":10042,"minecraft:aviate_one_cm":11428270,"minecraft:jump":6061,"minecraft:walk_on_water_one_cm":13524,"minecraft:inspect_dispenser":229},"minecraft:used":{"minecraft:oak_trapdoor":5,"minecraft:water_bucket":14,"minecraft:nether_brick_fence":225,"minecraft:light_blue_stained_glass_pane":400,"minecraft:iron_ore":132,"minecraft:nether_brick_wall":222,"minecraft:gray_carpet":3,"minecraft:iron_bars":295,"minecraft:armor_stand":30,"minecraft:cobblestone_stairs":818,"minecraft:oak_sign":8,"minecraft:wither_skeleton_skull":34,"minecraft:spruce_door":2,"minecraft:dropper":1,"minecraft:flint_and_steel":153,"minecraft:red_nether_bricks":290,"minecraft:polished_andesite":353,"minecraft:red_stained_glass":68,"minecraft:smooth_quartz_slab":81,"minecraft:dispenser":71,"minecraft:red_concrete":217,"minecraft:diamond_hoe":13,"minecraft:spruce_slab":81,"minecraft:redstone":620,"minecraft:bone_block":94,"minecraft:ladder":96,"minecraft:mycelium":230,"minecraft:light_gray_carpet":48,"minecraft:black_carpet":49,"minecraft:andesite_slab":230,"minecraft:spruce_planks":124,"minecraft:chest":32,"minecraft:stone":6578,"minecraft:black_glazed_terracotta":96,"minecraft:redstone_block":1,"minecraft:spruce_sign":3,"minecraft:cauldron":59,"minecraft:red_nether_brick_stairs":7,"minecraft:diamond_axe":27,"minecraft:cobblestone_slab":389,"minecraft:player_head":2,"minecraft:netherrack":235,"minecraft:cracked_stone_bricks":43,"minecraft:orange_stained_glass":98,"minecraft:anvil":243,"minecraft:dark_oak_trapdoor":10,"minecraft:diamond_block":22,"minecraft:dirt":17,"minecraft:soul_sand":6,"minecraft:red_nether_brick_slab":1194,"minecraft:rail":31,"minecraft:comparator":7,"minecraft:white_carpet":6,"minecraft:brown_banner":6,"minecraft:dark_prismarine_slab":1,"minecraft:hopper":15,"minecraft:nether_bricks":2302,"minecraft:blue_stained_glass":5,"minecraft:nether_quartz_ore":126,"minecraft:blast_furnace":1,"minecraft:white_bed":19,"minecraft:spruce_stairs":52,"minecraft:cobblestone_wall":106,"minecraft:nether_brick_slab":509,"minecraft:yellow_stained_glass_pane":50,"minecraft:stone_stairs":172,"minecraft:blue_ice":539,"minecraft:campfire":85,"minecraft:stone_brick_wall":185,"minecraft:gray_concrete":706,"minecraft:spruce_fence":60,"minecraft:blue_concrete":294,"minecraft:light_blue_stained_glass":55,"minecraft:spruce_log":120,"minecraft:nether_brick_stairs":688,"minecraft:dark_oak_door":6,"minecraft:obsidian":16,"minecraft:redstone_torch":456,"minecraft:oak_log":50,"minecraft:brown_terracotta":34,"minecraft:black_terracotta":131,"minecraft:piston":2,"minecraft:gray_terracotta":486,"minecraft:stone_brick_slab":1608,"minecraft:packed_ice":743,"minecraft:lever":33,"minecraft:green_concrete":435,"minecraft:sea_lantern":96,"minecraft:black_concrete":741,"minecraft:black_wool":121,"minecraft:lava_bucket":169,"minecraft:firework_rocket":160,"minecraft:coal_ore":59,"minecraft:black_stained_glass_pane":53,"minecraft:yellow_stained_glass":33,"minecraft:command_block":7,"minecraft:heavy_weighted_pressure_plate":1,"minecraft:light_gray_concrete":40,"minecraft:red_wool":18,"minecraft:lantern":345,"minecraft:iron_block":86,"minecraft:light_weighted_pressure_plate":72,"minecraft:string":24,"minecraft:spruce_button":31,"minecraft:barrier":24,"minecraft:slime_block":10,"minecraft:stone_button":12,"minecraft:green_wool":230,"minecraft:dark_oak_wood":325,"minecraft:stone_slab":804,"minecraft:spruce_trapdoor":39,"minecraft:iron_door":17,"minecraft:dark_oak_button":52,"minecraft:gravel":61,"minecraft:stone_brick_stairs":3924,"minecraft:stone_bricks":6789,"minecraft:red_stained_glass_pane":5,"minecraft:chiseled_stone_bricks":146,"minecraft:repeater":77,"minecraft:coal_block":215,"minecraft:magma_block":94,"minecraft:tripwire_hook":6,"minecraft:cobblestone":330,"minecraft:nether_wart_block":47,"minecraft:glowstone":96,"minecraft:red_carpet":4,"minecraft:redstone_lamp":3,"minecraft:brown_carpet":34,"minecraft:snow":164,"minecraft:black_stained_glass":150,"minecraft:iron_trapdoor":26,"minecraft:white_stained_glass_pane":36,"minecraft:beetroot_seeds":9,"minecraft:andesite":609,"minecraft:white_stained_glass":21,"minecraft:andesite_stairs":77,"minecraft:gold_block":415,"minecraft:smooth_stone_slab":620,"minecraft:trapped_chest":2,"minecraft:ice":51,"minecraft:skeleton_skull":167,"minecraft:stone_pressure_plate":7,"minecraft:gray_wool":54,"minecraft:orange_stained_glass_pane":55},"minecraft:picked_up":{"minecraft:dark_oak_button":16,"minecraft:anvil":2,"minecraft:lantern":41,"minecraft:compass":1,"minecraft:light_weighted_pressure_plate":1,"minecraft:redstone_torch":2,"minecraft:dark_oak_door":1,"minecraft:tipped_arrow":17,"minecraft:sand":1,"minecraft:stone_button":10,"minecraft:redstone":2,"minecraft:stone_pressure_plate":2,"minecraft:spruce_button":18},"minecraft:mined":{"minecraft:white_bed":10},"minecraft:dropped":{"minecraft:dark_oak_door":1,"minecraft:redstone":2}},"DataVersion":1976}